ingredient,cuisine_tags,compound,compound_concentration,target_gene,snp_gene,gene_regulation_weight,snp_impact_weight,pathway,effect,cooking_degradation_factor,vegan,nut_allergen,role,flavor_chinese,flavor_western,flavor_thai,flavor_japanese,usda_kcal_per_100g,usda_fdc_id,preparation,pmid,evidence_note,category,allergens,serving_g,prep_steam,prep_saute,prep_roast,prep_simmer,loss_steam,loss_saute,loss_roast,loss_simmer,evidence_level,flavor_indian,flavor_spanish,flavor_british
Brown rice,Chinese|Western|Thai|Japanese,Folate,12,MTHFR,MTHFR,0.6,1.3,Methylation,activation,0.10,1,0,base,78,85,80,85,123,169704,Use 100 g cooked brown rice; warm until steaming.,25788000,Indirect folate-pathway association; activation is illustrative and does not mean direct MTHFR activation.,grain,,100,"Use 100 g brown rice, already cooked; reheat with a splash of water until steaming.","Use 100 g brown rice, already cooked; reheat with a splash of water until steaming.","Use 100 g brown rice, already cooked; reheat with a splash of water until steaming.","Use 100 g brown rice, already cooked; reheat with a splash of water until steaming.",0.1,0.1,0.1,0.1,Population background,0,0,0
Tofu,Chinese|Western|Thai|Japanese,Isoflavones,60,NFE2L2,COMT,0.8,1.1,Antioxidant,activation,0.18,1,0,protein,95,55,90,95,144,172475,Steam 100 g firm tofu until heated through.,,Hypothetical antioxidant pathway mapping; COMT modifier is a demo assumption. PMID pending.,legume,soy,100,Cube 100 g tofu. Steam for 5–8 minutes until hot throughout.,"Cube 100 g tofu. Pan-cook for 6–8 minutes, turning gently, until heated through.",Cube 100 g tofu. Spread on the tray and roast for 15–20 minutes until heated through.,Cube 100 g tofu. Simmer gently for 8–10 minutes until heated through.,0.18,0.207,0.27,0.243,Hypothesis only,0,0,0
Spinach,Chinese|Western|Thai|Japanese|Indian|Spanish|British,Folate,95,MTHFR,MTHFR,0.9,1.3,Methylation,activation,0.35,1,0,vegetable,80,85,55,85,23,168462,Wash 100 g spinach and steam for 2–3 minutes until wilted.,25788000,Folate metabolism background only; no evidence for this numeric food-to-gene coefficient.,leafy,,100,Wash and chop 100 g spinach; steam for 2–3 minutes until tender.,"Wash and slice 100 g spinach; pan-cook for 2–3 minutes, stirring, until tender.",Wash and chop 100 g spinach; fold into the hot vegetables for the last 2–3 minutes until wilted.,"Wash and chop 100 g spinach; simmer for 2–3 minutes until tender, then drain.",0.35,0.402,0.525,0.472,Population background,85,85,85
Broccoli,Chinese|Western|Thai|Japanese|British,Glucosinolate proxy,85,NFE2L2,COMT,0.8,1.1,Antioxidant,activation,0.30,1,0,vegetable,75,95,65,65,34,170379,Wash and chop 100 g broccoli; steam for 4–5 minutes until tender.,,Illustrative glucosinolate-to-antioxidant mapping; precursor conversion and bioavailability are omitted. PMID pending.,cruciferous,,100,Wash and chop 100 g broccoli; steam for 5–7 minutes until tender.,"Wash and slice 100 g broccoli; pan-cook for 8–10 minutes, stirring, until tender.",Wash and chop 100 g broccoli; roast for 20–25 minutes until tender and lightly browned.,"Wash and chop 100 g broccoli; simmer for 8–10 minutes until tender, then drain.",0.3,0.345,0.45,0.405,Hypothesis only,0,0,85
Carrot,Chinese|Western|Thai|Japanese|British,Carotenoid proxy,45,NFE2L2,COMT,0.6,1.1,Antioxidant,activation,0.12,1,0,vegetable,88,90,90,90,41,170393,Wash and slice 100 g carrot; steam for 6–8 minutes until tender.,,Hypothetical positive pathway edge; cooking may increase bioaccessibility which this loss-only model omits. PMID pending.,root,,100,Wash and chop 100 g carrot; steam for 6–8 minutes until tender.,"Wash and slice 100 g carrot; pan-cook for 8–10 minutes, stirring, until tender.",Wash and chop 100 g carrot; roast for 20–25 minutes until tender and lightly browned.,"Wash and chop 100 g carrot; simmer for 8–10 minutes until tender, then drain.",0.12,0.138,0.18,0.162,Hypothesis only,0,0,85
Onion,Chinese|Western|Thai|Japanese|Indian|Spanish|British,Quercetin,35,COMT,COMT,-0.35,1.2,Antioxidant,inhibition,0.20,1,0,vegetable,90,95,90,80,40,170000,Peel and slice 100 g onion; steam for 6–8 minutes until soft.,15100171,In vitro COMT inhibition by quercetin; not evidence of harmful or beneficial effects from eating onion.,vegetable,,100,Wash and chop 100 g onion; steam for 5–7 minutes until tender.,"Wash and slice 100 g onion; pan-cook for 8–10 minutes, stirring, until tender.",Wash and chop 100 g onion; roast for 20–25 minutes until tender and lightly browned.,"Wash and chop 100 g onion; simmer for 8–10 minutes until tender, then drain.",0.2,0.23,0.3,0.27,Laboratory background,85,85,85
Walnuts,Chinese|Western|Japanese,ALA proxy,80,APOE,APOE,0.7,1.2,Lipid,activation,0.05,1,1,garnish,65,90,0,45,654,170187,Chop 25 g walnuts and sprinkle over the finished bowl.,25332476,Indirect dietary-fat background; ALA does not directly activate APOE. Numeric edge is hypothetical.,nuts,nuts,25,Chop 25 g walnuts and sprinkle over the finished bowl.,Chop 25 g walnuts and sprinkle over the finished bowl.,Chop 25 g walnuts and sprinkle over the finished bowl.,Chop 25 g walnuts and sprinkle over the finished bowl.,0.05,0.05,0.05,0.05,Population background,0,0,0
Salmon,Chinese|Western|Thai|Japanese,Omega-3 proxy,95,APOE,APOE,0.8,1.2,Lipid,activation,0.15,0,0,protein,60,95,65,95,208,175167,Steam 100 g salmon until its center reaches 63°C (145°F); check with a food thermometer.,25332476,Dietary-fat and APOE trial background; not validation of salmon response or an activation coefficient.,fish,fish,100,"Steam 100 g salmon for about 8–12 minutes; the center must reach 63°C (145°F), verified with a food thermometer.","Pan-cook 100 g salmon for about 4–6 minutes per side; the center must reach 63°C (145°F), verified with a food thermometer.","Roast 100 g salmon for about 12–18 minutes; the center must reach 63°C (145°F), verified with a food thermometer.","Poach 100 g salmon for about 8–12 minutes; the center must reach 63°C (145°F), verified with a food thermometer.",0.15,0.172,0.225,0.203,Population background,0,0,0
Green peas,Chinese|Western|Thai|Japanese|Indian|British,Folate,55,MTHFR,MTHFR,0.8,1.3,Methylation,activation,0.20,1,0,vegetable,65,85,55,55,81,170419,Steam 100 g green peas for 3–5 minutes until hot and tender.,25788000,Indirect folate-pathway association; numeric contribution is an illustrative index.,legume,,100,Wash and chop 100 g green peas; steam for 5–7 minutes until tender.,"Wash and slice 100 g green peas; pan-cook for 8–10 minutes, stirring, until tender.",Wash and chop 100 g green peas; roast for 20–25 minutes until tender and lightly browned.,"Wash and chop 100 g green peas; simmer for 8–10 minutes until tender, then drain.",0.2,0.23,0.3,0.27,Population background,85,0,85
Spinach,Chinese|Western|Thai|Japanese|Indian|Spanish|British,Carotenoid proxy,35,NFE2L2,COMT,0.6,1.1,Antioxidant,activation,0.25,1,0,vegetable,80,85,55,85,23,168462,Wash 100 g spinach and steam for 2–3 minutes until wilted.,,Hypothetical antioxidant edge; not direct gene activation. PMID pending.,leafy,,100,Wash and chop 100 g spinach; steam for 2–3 minutes until tender.,"Wash and slice 100 g spinach; pan-cook for 2–3 minutes, stirring, until tender.",Wash and chop 100 g spinach; fold into the hot vegetables for the last 2–3 minutes until wilted.,"Wash and chop 100 g spinach; simmer for 2–3 minutes until tender, then drain.",0.25,0.287,0.375,0.338,Hypothesis only,85,85,85
Ginger,Chinese,Gingerol proxy,12,NFE2L2,COMT,0.4,1.1,Antioxidant,activation,0.15,1,0,seasoning,98,0,0,0,,,Peel and finely grate 5 g ginger; stir into 1 tablespoon warm water for a light dressing.,,Hypothetical antioxidant support; compound index is synthetic. Nutrient metadata and PMID pending.,spice,,5,Peel and finely grate 5 g ginger; stir into 1 tablespoon warm water for a light dressing.,Peel and finely grate 5 g ginger; stir into 1 tablespoon warm water for a light dressing.,Peel and finely grate 5 g ginger; stir into 1 tablespoon warm water for a light dressing.,Peel and finely grate 5 g ginger; stir into 1 tablespoon warm water for a light dressing.,0.15,0.15,0.15,0.15,Hypothesis only,0,0,0
Light soy sauce,Chinese,Phenolic proxy,3,NFE2L2,COMT,0.2,1.1,Antioxidant,activation,0,1,0,seasoning,99,0,0,0,,,Dilute 5 g light soy sauce with 1 tablespoon warm water. Check the label for soy and wheat.,,Flavor anchor only; synthetic molecular index. Nutrient metadata and PMID pending.,sauce,soy|gluten,5,Dilute 5 g light soy sauce with 1 tablespoon warm water. Check the label for soy and wheat.,Dilute 5 g light soy sauce with 1 tablespoon warm water. Check the label for soy and wheat.,Dilute 5 g light soy sauce with 1 tablespoon warm water. Check the label for soy and wheat.,Dilute 5 g light soy sauce with 1 tablespoon warm water. Check the label for soy and wheat.,0.0,0.0,0.0,0.0,Hypothesis only,0,0,0
Lemon juice,Western|British,Vitamin C proxy,12,NFE2L2,COMT,0.4,1.1,Antioxidant,activation,0,1,0,seasoning,0,98,0,0,,,Squeeze and measure 5 g lemon juice; add to the finished dish.,,Hypothetical pathway support; not direct gene activation. Nutrient metadata and PMID pending.,sauce,,5,Squeeze and measure 5 g lemon juice; add to the finished dish.,Squeeze and measure 5 g lemon juice; add to the finished dish.,Squeeze and measure 5 g lemon juice; add to the finished dish.,Squeeze and measure 5 g lemon juice; add to the finished dish.,0.0,0.0,0.0,0.0,Hypothesis only,0,0,85
Olive oil,Western|Spanish,Phenolic proxy,10,APOE,APOE,0.4,1.2,Lipid,activation,0,1,0,cooking_fat,0,99,0,0,,,Measure 5 g extra virgin olive oil for cooking.,,Indirect dietary-fat hypothesis only. Nutrient metadata and PMID pending.,oil,,5,Measure 5 g extra virgin olive oil for cooking.,Measure 5 g extra virgin olive oil for cooking.,Measure 5 g extra virgin olive oil for cooking.,Measure 5 g extra virgin olive oil for cooking.,0.0,0.0,0.0,0.0,Hypothesis only,0,85,0
Lime juice,Thai,Vitamin C proxy,10,NFE2L2,COMT,0.4,1.1,Antioxidant,activation,0,1,0,seasoning,0,0,99,0,,,Squeeze and measure 5 g lime juice; add after cooking.,,Hypothetical pathway support; not direct gene activation. Nutrient metadata and PMID pending.,sauce,,5,Squeeze and measure 5 g lime juice; add after cooking.,Squeeze and measure 5 g lime juice; add after cooking.,Squeeze and measure 5 g lime juice; add after cooking.,Squeeze and measure 5 g lime juice; add after cooking.,0.0,0.0,0.0,0.0,Hypothesis only,0,0,0
Thai basil,Thai,Phenolic proxy,18,NFE2L2,COMT,0.4,1.1,Antioxidant,activation,0,1,0,seasoning,0,0,98,0,,,Wash and tear 5 g Thai basil leaves; reserve for the finish.,,Synthetic phenolic index; no measured gene effect. Nutrient metadata and PMID pending.,herb,,5,Wash and tear 5 g Thai basil leaves; reserve for the finish.,Wash and tear 5 g Thai basil leaves; reserve for the finish.,Wash and tear 5 g Thai basil leaves; reserve for the finish.,Wash and tear 5 g Thai basil leaves; reserve for the finish.,0.0,0.0,0.0,0.0,Hypothesis only,0,0,0
Miso paste,Japanese,Isoflavone proxy,8,NFE2L2,COMT,0.3,1.1,Antioxidant,activation,0,1,0,seasoning,0,0,0,99,,,Whisk 5 g plain miso paste with 1 tablespoon warm water. Choose miso without fish stock and check the soy label.,,Hypothetical antioxidant edge; not direct gene activation. Nutrient metadata and PMID pending.,sauce,soy,5,Whisk 5 g plain miso paste with 1 tablespoon warm water. Choose miso without fish stock and check the soy label.,Whisk 5 g plain miso paste with 1 tablespoon warm water. Choose miso without fish stock and check the soy label.,Whisk 5 g plain miso paste with 1 tablespoon warm water. Choose miso without fish stock and check the soy label.,Whisk 5 g plain miso paste with 1 tablespoon warm water. Choose miso without fish stock and check the soy label.,0.0,0.0,0.0,0.0,Hypothesis only,0,0,0
Nori,Japanese,Carotenoid proxy,10,NFE2L2,COMT,0.3,1.1,Antioxidant,activation,0,1,0,seasoning,0,0,0,98,,,Cut 5 g plain nori into thin strips; add just before serving.,,Synthetic carotenoid index; nutrient metadata and PMID pending.,herb,,5,Cut 5 g plain nori into thin strips; add just before serving.,Cut 5 g plain nori into thin strips; add just before serving.,Cut 5 g plain nori into thin strips; add just before serving.,Cut 5 g plain nori into thin strips; add just before serving.,0.0,0.0,0.0,0.0,Hypothesis only,0,0,0
Quinoa (cooked),Western,Folate,30,MTHFR,MTHFR,0.65,1.2,Methylation,activation,0.18,1,0,base,0,95,0,0,,,Prepare 100 g quinoa (cooked).,,Synthetic pathway-support hypothesis; not demonstrated direct gene activation. Quantitative evidence and nutrient metadata pending.,grain,,100,"Use 100 g quinoa (cooked), already cooked; reheat with a splash of water until steaming.","Use 100 g quinoa (cooked), already cooked; reheat with a splash of water until steaming.","Use 100 g quinoa (cooked), already cooked; reheat with a splash of water until steaming.","Use 100 g quinoa (cooked), already cooked; reheat with a splash of water until steaming.",0.18,0.18,0.18,0.18,Hypothesis only,0,0,0
Basmati rice (cooked),Indian,Folate,18,MTHFR,MTHFR,0.65,1.2,Methylation,activation,0.18,1,0,base,0,0,0,0,,,Prepare 100 g basmati rice (cooked).,,Synthetic pathway-support hypothesis; not demonstrated direct gene activation. Quantitative evidence and nutrient metadata pending.,grain,,100,"Use 100 g basmati rice (cooked), already cooked; reheat with a splash of water until steaming.","Use 100 g basmati rice (cooked), already cooked; reheat with a splash of water until steaming.","Use 100 g basmati rice (cooked), already cooked; reheat with a splash of water until steaming.","Use 100 g basmati rice (cooked), already cooked; reheat with a splash of water until steaming.",0.18,0.18,0.18,0.18,Hypothesis only,95,0,0
Short-grain rice (cooked),Japanese|Spanish,Folate,20,MTHFR,MTHFR,0.65,1.2,Methylation,activation,0.18,1,0,base,0,0,0,95,,,Prepare 100 g short-grain rice (cooked).,,Synthetic pathway-support hypothesis; not demonstrated direct gene activation. Quantitative evidence and nutrient metadata pending.,grain,,100,"Use 100 g short-grain rice (cooked), already cooked; reheat with a splash of water until steaming.","Use 100 g short-grain rice (cooked), already cooked; reheat with a splash of water until steaming.","Use 100 g short-grain rice (cooked), already cooked; reheat with a splash of water until steaming.","Use 100 g short-grain rice (cooked), already cooked; reheat with a splash of water until steaming.",0.18,0.18,0.18,0.18,Hypothesis only,0,95,0
Jasmine rice (cooked),Thai,Folate,18,MTHFR,MTHFR,0.65,1.2,Methylation,activation,0.18,1,0,base,0,0,95,0,,,Prepare 100 g jasmine rice (cooked).,,Synthetic pathway-support hypothesis; not demonstrated direct gene activation. Quantitative evidence and nutrient metadata pending.,grain,,100,"Use 100 g jasmine rice (cooked), already cooked; reheat with a splash of water until steaming.","Use 100 g jasmine rice (cooked), already cooked; reheat with a splash of water until steaming.","Use 100 g jasmine rice (cooked), already cooked; reheat with a splash of water until steaming.","Use 100 g jasmine rice (cooked), already cooked; reheat with a splash of water until steaming.",0.18,0.18,0.18,0.18,Hypothesis only,0,0,0
Pearl barley (cooked),British|Western,Beta-glucan proxy,45,APOE,APOE,0.65,1.2,Lipid,activation,0.18,1,0,base,0,85,0,0,,,Prepare 100 g pearl barley (cooked).,,Synthetic pathway-support hypothesis; not demonstrated direct gene activation. Quantitative evidence and nutrient metadata pending.,grain,gluten,100,"Use 100 g pearl barley (cooked), already cooked; reheat with a splash of water until steaming.","Use 100 g pearl barley (cooked), already cooked; reheat with a splash of water until steaming.","Use 100 g pearl barley (cooked), already cooked; reheat with a splash of water until steaming.","Use 100 g pearl barley (cooked), already cooked; reheat with a splash of water until steaming.",0.18,0.18,0.18,0.18,Hypothesis only,0,0,85
Potato,British|Spanish|Indian,Vitamin C proxy,45,NFE2L2,COMT,0.65,1.2,Antioxidant,activation,0.18,1,0,base,0,0,0,0,,,Prepare 100 g potato.,,Synthetic pathway-support hypothesis; not demonstrated direct gene activation. Quantitative evidence and nutrient metadata pending.,root,,100,Peel and cube 100 g potato; steam for 15–20 minutes until tender.,"Cube 100 g potato; cover with a splash of water and pan-cook for 15–20 minutes until tender, then uncover to color.",Cut 100 g potato into small wedges; roast for 30–35 minutes until golden and tender.,"Peel and cube 100 g potato; simmer for 15–20 minutes until tender, then drain.",0.18,0.207,0.27,0.243,Hypothesis only,99,99,99
Chickpeas (cooked),Indian|Western|Spanish|British,Folate,70,MTHFR,MTHFR,0.65,1.2,Methylation,activation,0.18,1,0,protein,0,95,0,0,,,Prepare 100 g chickpeas (cooked).,,Synthetic pathway-support hypothesis; not demonstrated direct gene activation. Quantitative evidence and nutrient metadata pending.,legume,,100,Use 100 g chickpeas (cooked); legumes must already be fully cooked. Steam for 5–8 minutes until hot throughout.,"Use 100 g chickpeas (cooked); legumes must already be fully cooked. Pan-cook for 6–8 minutes, turning gently, until heated through.",Use 100 g chickpeas (cooked); legumes must already be fully cooked. Spread on the tray and roast for 15–20 minutes until heated through.,Use 100 g chickpeas (cooked); legumes must already be fully cooked. Simmer gently for 8–10 minutes until heated through.,0.18,0.207,0.27,0.243,Hypothesis only,95,95,95
Red lentils (cooked),Indian|British,Folate,85,MTHFR,MTHFR,0.65,1.2,Methylation,activation,0.18,1,0,protein,0,0,0,0,,,Prepare 100 g red lentils (cooked).,,Synthetic pathway-support hypothesis; not demonstrated direct gene activation. Quantitative evidence and nutrient metadata pending.,legume,,100,Use 100 g red lentils (cooked); legumes must already be fully cooked. Steam for 5–8 minutes until hot throughout.,"Use 100 g red lentils (cooked); legumes must already be fully cooked. Pan-cook for 6–8 minutes, turning gently, until heated through.",Use 100 g red lentils (cooked); legumes must already be fully cooked. Spread on the tray and roast for 15–20 minutes until heated through.,Use 100 g red lentils (cooked); legumes must already be fully cooked. Simmer gently for 8–10 minutes until heated through.,0.18,0.207,0.27,0.243,Hypothesis only,90,0,90
White beans (cooked),Spanish|Western|British,Folate,65,MTHFR,MTHFR,0.65,1.2,Methylation,activation,0.18,1,0,protein,0,98,0,0,,,Prepare 100 g white beans (cooked).,,Synthetic pathway-support hypothesis; not demonstrated direct gene activation. Quantitative evidence and nutrient metadata pending.,legume,,100,Use 100 g white beans (cooked); legumes must already be fully cooked. Steam for 5–8 minutes until hot throughout.,"Use 100 g white beans (cooked); legumes must already be fully cooked. Pan-cook for 6–8 minutes, turning gently, until heated through.",Use 100 g white beans (cooked); legumes must already be fully cooked. Spread on the tray and roast for 15–20 minutes until heated through.,Use 100 g white beans (cooked); legumes must already be fully cooked. Simmer gently for 8–10 minutes until heated through.,0.18,0.207,0.27,0.243,Hypothesis only,0,98,98
Edamame (shelled),Japanese|Chinese,Isoflavone proxy,65,NFE2L2,COMT,0.65,1.2,Antioxidant,activation,0.18,1,0,protein,91,0,0,91,,,Prepare 100 g edamame (shelled).,,Synthetic pathway-support hypothesis; not demonstrated direct gene activation. Quantitative evidence and nutrient metadata pending.,legume,soy,100,Use 100 g edamame (shelled); cook according to the package directions first. Steam for 5–8 minutes until hot throughout.,"Use 100 g edamame (shelled); cook according to the package directions first. Pan-cook for 6–8 minutes, turning gently, until heated through.",Use 100 g edamame (shelled); cook according to the package directions first. Spread on the tray and roast for 15–20 minutes until heated through.,Use 100 g edamame (shelled); cook according to the package directions first. Simmer gently for 8–10 minutes until heated through.,0.18,0.207,0.27,0.243,Hypothesis only,0,0,0
Mung beans (cooked),Chinese|Thai|Japanese,Folate,60,MTHFR,MTHFR,0.65,1.2,Methylation,activation,0.18,1,0,protein,75,0,75,75,,,Prepare 100 g mung beans (cooked).,,Synthetic pathway-support hypothesis; not demonstrated direct gene activation. Quantitative evidence and nutrient metadata pending.,legume,,100,Use 100 g mung beans (cooked); legumes must already be fully cooked. Steam for 5–8 minutes until hot throughout.,"Use 100 g mung beans (cooked); legumes must already be fully cooked. Pan-cook for 6–8 minutes, turning gently, until heated through.",Use 100 g mung beans (cooked); legumes must already be fully cooked. Spread on the tray and roast for 15–20 minutes until heated through.,Use 100 g mung beans (cooked); legumes must already be fully cooked. Simmer gently for 8–10 minutes until heated through.,0.18,0.207,0.27,0.243,Hypothesis only,0,0,0
Paneer,Indian,Riboflavin proxy,45,MTHFR,MTHFR,0.65,1.2,Methylation,activation,0.18,0,0,protein,0,0,0,0,,,Prepare 100 g paneer.,,Synthetic pathway-support hypothesis; not demonstrated direct gene activation. Quantitative evidence and nutrient metadata pending.,dairy,dairy,100,Cube 100 g paneer. Steam for 5–8 minutes until hot throughout.,"Cube 100 g paneer. Pan-cook for 6–8 minutes, turning gently, until heated through.",Cube 100 g paneer. Spread on the tray and roast for 15–20 minutes until heated through.,Cube 100 g paneer. Simmer gently for 8–10 minutes until heated through.,0.18,0.207,0.27,0.243,Hypothesis only,98,0,0
Cod,British|Spanish,Omega-3 proxy,65,APOE,APOE,0.65,1.2,Lipid,activation,0.18,0,0,protein,0,0,0,0,,,Prepare 100 g cod.,,Synthetic pathway-support hypothesis; not demonstrated direct gene activation. Quantitative evidence and nutrient metadata pending.,fish,fish,100,"Steam 100 g cod for about 8–12 minutes; the center must reach 63°C (145°F), verified with a food thermometer.","Pan-cook 100 g cod for about 4–6 minutes per side; the center must reach 63°C (145°F), verified with a food thermometer.","Roast 100 g cod for about 12–18 minutes; the center must reach 63°C (145°F), verified with a food thermometer.","Poach 100 g cod for about 8–12 minutes; the center must reach 63°C (145°F), verified with a food thermometer.",0.18,0.207,0.27,0.243,Hypothesis only,0,98,98
Egg,British|Spanish|Japanese|Western,Choline proxy,65,MTHFR,MTHFR,0.65,1.2,Methylation,activation,0.18,0,0,protein,0,85,0,85,,,Prepare 100 g egg.,,Synthetic pathway-support hypothesis; not demonstrated direct gene activation. Quantitative evidence and nutrient metadata pending.,egg,egg,100,Beat 100 g egg with a spoonful of water in a heatproof dish; steam for 10–15 minutes until set and 71°C (160°F) in the center.,Beat 100 g egg; scramble gently in the pan until fully set and 71°C (160°F).,Beat 100 g egg into a heatproof ramekin; bake for 12–18 minutes until set and 71°C (160°F) in the center.,Poach the egg gently until white and yolk are firm; verify 71°C (160°F).,0.18,0.207,0.27,0.243,Hypothesis only,0,85,85
Bok choy,Chinese,Glucosinolate proxy,65,NFE2L2,COMT,0.65,1.2,Antioxidant,activation,0.18,1,0,vegetable,99,0,0,0,,,Prepare 100 g bok choy.,,Synthetic pathway-support hypothesis; not demonstrated direct gene activation. Quantitative evidence and nutrient metadata pending.,leafy,,100,Wash and chop 100 g bok choy; steam for 2–3 minutes until tender.,"Wash and slice 100 g bok choy; pan-cook for 2–3 minutes, stirring, until tender.",Wash and chop 100 g bok choy; fold into the hot vegetables for the last 2–3 minutes until wilted.,"Wash and chop 100 g bok choy; simmer for 2–3 minutes until tender, then drain.",0.18,0.207,0.27,0.243,Hypothesis only,0,0,0
Shiitake mushrooms,Chinese|Japanese,Ergothioneine proxy,65,NFE2L2,COMT,0.65,1.2,Antioxidant,activation,0.18,1,0,vegetable,98,0,0,98,,,Prepare 100 g shiitake mushrooms.,,Synthetic pathway-support hypothesis; not demonstrated direct gene activation. Quantitative evidence and nutrient metadata pending.,vegetable,,100,Wash and chop 100 g shiitake mushrooms; steam for 5–7 minutes until tender.,"Wash and slice 100 g shiitake mushrooms; pan-cook for 8–10 minutes, stirring, until tender.",Wash and chop 100 g shiitake mushrooms; roast for 20–25 minutes until tender and lightly browned.,"Wash and chop 100 g shiitake mushrooms; simmer for 8–10 minutes until tender, then drain.",0.18,0.207,0.27,0.243,Hypothesis only,0,0,0
Aubergine,Thai|Indian|Spanish,Phenolic proxy,65,NFE2L2,COMT,0.65,1.2,Antioxidant,activation,0.18,1,0,vegetable,0,0,95,0,,,Prepare 100 g aubergine.,,Synthetic pathway-support hypothesis; not demonstrated direct gene activation. Quantitative evidence and nutrient metadata pending.,vegetable,,100,Wash and chop 100 g aubergine; steam for 5–7 minutes until tender.,"Wash and slice 100 g aubergine; pan-cook for 8–10 minutes, stirring, until tender.",Wash and chop 100 g aubergine; roast for 20–25 minutes until tender and lightly browned.,"Wash and chop 100 g aubergine; simmer for 8–10 minutes until tender, then drain.",0.18,0.207,0.27,0.243,Hypothesis only,95,95,0
Red pepper,Thai|Spanish|Western,Carotenoid proxy,80,NFE2L2,COMT,0.65,1.2,Antioxidant,activation,0.18,1,0,vegetable,0,99,99,0,,,Prepare 100 g red pepper.,,Synthetic pathway-support hypothesis; not demonstrated direct gene activation. Quantitative evidence and nutrient metadata pending.,vegetable,,100,Wash and chop 100 g red pepper; steam for 5–7 minutes until tender.,"Wash and slice 100 g red pepper; pan-cook for 8–10 minutes, stirring, until tender.",Wash and chop 100 g red pepper; roast for 20–25 minutes until tender and lightly browned.,"Wash and chop 100 g red pepper; simmer for 8–10 minutes until tender, then drain.",0.18,0.207,0.27,0.243,Hypothesis only,0,99,0
Tomato,Indian|Spanish|Western|British,Lycopene proxy,55,NFE2L2,COMT,0.65,1.2,Antioxidant,activation,0.18,1,0,vegetable,0,95,0,0,,,Prepare 100 g tomato.,,Synthetic pathway-support hypothesis; not demonstrated direct gene activation. Quantitative evidence and nutrient metadata pending.,vegetable,,100,Wash and chop 100 g tomato; steam for 5–7 minutes until tender.,"Wash and slice 100 g tomato; pan-cook for 8–10 minutes, stirring, until tender.",Wash and chop 100 g tomato; roast for 20–25 minutes until tender and lightly browned.,"Wash and chop 100 g tomato; simmer for 8–10 minutes until tender, then drain.",0.18,0.207,0.27,0.243,Hypothesis only,95,95,95
Cauliflower,Indian|British,Glucosinolate proxy,75,NFE2L2,COMT,0.65,1.2,Antioxidant,activation,0.18,1,0,vegetable,0,0,0,0,,,Prepare 100 g cauliflower.,,Synthetic pathway-support hypothesis; not demonstrated direct gene activation. Quantitative evidence and nutrient metadata pending.,cruciferous,,100,Wash and chop 100 g cauliflower; steam for 5–7 minutes until tender.,"Wash and slice 100 g cauliflower; pan-cook for 8–10 minutes, stirring, until tender.",Wash and chop 100 g cauliflower; roast for 20–25 minutes until tender and lightly browned.,"Wash and chop 100 g cauliflower; simmer for 8–10 minutes until tender, then drain.",0.18,0.207,0.27,0.243,Hypothesis only,99,0,99
Courgette,Western|Spanish,Carotenoid proxy,45,NFE2L2,COMT,0.65,1.2,Antioxidant,activation,0.18,1,0,vegetable,0,90,0,0,,,Prepare 100 g courgette.,,Synthetic pathway-support hypothesis; not demonstrated direct gene activation. Quantitative evidence and nutrient metadata pending.,vegetable,,100,Wash and chop 100 g courgette; steam for 5–7 minutes until tender.,"Wash and slice 100 g courgette; pan-cook for 8–10 minutes, stirring, until tender.",Wash and chop 100 g courgette; roast for 20–25 minutes until tender and lightly browned.,"Wash and chop 100 g courgette; simmer for 8–10 minutes until tender, then drain.",0.18,0.207,0.27,0.243,Hypothesis only,0,90,0
Sesame seeds,Chinese|Japanese,Lignan proxy,30,NFE2L2,COMT,0.65,1.2,Antioxidant,activation,0.18,1,0,garnish,95,0,0,95,,,Prepare 5 g sesame seeds.,,Synthetic pathway-support hypothesis; not demonstrated direct gene activation. Quantitative evidence and nutrient metadata pending.,nuts,sesame,5,Sprinkle 5 g sesame seeds over the finished dish.,Sprinkle 5 g sesame seeds over the finished dish.,Sprinkle 5 g sesame seeds over the finished dish.,Sprinkle 5 g sesame seeds over the finished dish.,0.18,0.18,0.18,0.18,Hypothesis only,0,0,0
Coconut milk,Thai,Phenolic proxy,8,NFE2L2,COMT,0.65,1.2,Antioxidant,activation,0.18,1,0,seasoning,0,0,95,0,,,Prepare 30 g coconut milk.,,Synthetic pathway-support hypothesis; not demonstrated direct gene activation. Quantitative evidence and nutrient metadata pending.,sauce,,30,Warm 30 g plain coconut milk with 2 tablespoons water in a small pan for 2 minutes; spoon over the cooked components.,Warm 30 g plain coconut milk with 2 tablespoons water in a small pan for 2 minutes; spoon over the cooked components.,Warm 30 g plain coconut milk with 2 tablespoons water in a small pan for 2 minutes; spoon over the cooked components.,Warm 30 g plain coconut milk with 2 tablespoons water in a small pan for 2 minutes; spoon over the cooked components.,0.18,0.18,0.18,0.18,Hypothesis only,0,0,0
Cumin,Indian,Phenolic proxy,20,NFE2L2,COMT,0.65,1.2,Antioxidant,activation,0.18,1,0,seasoning,0,0,0,0,,,Prepare 2 g cumin.,,Synthetic pathway-support hypothesis; not demonstrated direct gene activation. Quantitative evidence and nutrient metadata pending.,spice,,2,Warm 2 g ground cumin in a small saucepan over low heat for 20 seconds; add 2 tablespoons water and stir for 1 minute.,Warm 2 g ground cumin in a small saucepan over low heat for 20 seconds; add 2 tablespoons water and stir for 1 minute.,Warm 2 g ground cumin in a small saucepan over low heat for 20 seconds; add 2 tablespoons water and stir for 1 minute.,Warm 2 g ground cumin in a small saucepan over low heat for 20 seconds; add 2 tablespoons water and stir for 1 minute.,0.18,0.18,0.18,0.18,Hypothesis only,95,0,0
Turmeric,Indian,Curcuminoid proxy,25,NFE2L2,COMT,0.65,1.2,Antioxidant,activation,0.18,1,0,seasoning,0,0,0,0,,,Prepare 1 g turmeric.,,Synthetic pathway-support hypothesis; not demonstrated direct gene activation. Quantitative evidence and nutrient metadata pending.,spice,,1,Stir 1 g ground turmeric into the cumin water and gently simmer for 1 minute.,Stir 1 g ground turmeric into the cumin water and gently simmer for 1 minute.,Stir 1 g ground turmeric into the cumin water and gently simmer for 1 minute.,Stir 1 g ground turmeric into the cumin water and gently simmer for 1 minute.,0.18,0.18,0.18,0.18,Hypothesis only,95,0,0
Coriander leaves,Indian,Phenolic proxy,15,NFE2L2,COMT,0.65,1.2,Antioxidant,activation,0.18,1,0,seasoning,0,0,0,0,,,Prepare 5 g coriander leaves.,,Synthetic pathway-support hypothesis; not demonstrated direct gene activation. Quantitative evidence and nutrient metadata pending.,herb,,5,Wash and chop 5 g coriander leaves; scatter over the finished dish.,Wash and chop 5 g coriander leaves; scatter over the finished dish.,Wash and chop 5 g coriander leaves; scatter over the finished dish.,Wash and chop 5 g coriander leaves; scatter over the finished dish.,0.18,0.18,0.18,0.18,Hypothesis only,95,0,0
Smoked paprika,Spanish,Carotenoid proxy,20,NFE2L2,COMT,0.65,1.2,Antioxidant,activation,0.18,1,0,seasoning,0,0,0,0,,,Prepare 2 g smoked paprika.,,Synthetic pathway-support hypothesis; not demonstrated direct gene activation. Quantitative evidence and nutrient metadata pending.,spice,,2,Mix 2 g smoked paprika with 1 tablespoon warm water; stir through the hot rice.,Mix 2 g smoked paprika with 1 tablespoon warm water; stir through the hot rice.,Mix 2 g smoked paprika with 1 tablespoon warm water; stir through the hot rice.,Mix 2 g smoked paprika with 1 tablespoon warm water; stir through the hot rice.,0.18,0.18,0.18,0.18,Hypothesis only,0,95,0
Garlic,Spanish,Organosulfur proxy,15,NFE2L2,COMT,0.65,1.2,Antioxidant,activation,0.18,1,0,seasoning,0,0,0,0,,,Prepare 5 g garlic.,,Synthetic pathway-support hypothesis; not demonstrated direct gene activation. Quantitative evidence and nutrient metadata pending.,spice,,5,Peel and mince 5 g garlic; gently cook with 1 tablespoon water for 2 minutes until fragrant.,Peel and mince 5 g garlic; gently cook with 1 tablespoon water for 2 minutes until fragrant.,Peel and mince 5 g garlic; gently cook with 1 tablespoon water for 2 minutes until fragrant.,Peel and mince 5 g garlic; gently cook with 1 tablespoon water for 2 minutes until fragrant.,0.18,0.18,0.18,0.18,Hypothesis only,0,95,0
Rosemary,British,Phenolic proxy,15,NFE2L2,COMT,0.65,1.2,Antioxidant,activation,0.18,1,0,seasoning,0,0,0,0,,,Prepare 1 g rosemary.,,Synthetic pathway-support hypothesis; not demonstrated direct gene activation. Quantitative evidence and nutrient metadata pending.,herb,,1,Finely chop 1 g rosemary; stir into the hot vegetables just before serving.,Finely chop 1 g rosemary; stir into the hot vegetables just before serving.,Finely chop 1 g rosemary; stir into the hot vegetables just before serving.,Finely chop 1 g rosemary; stir into the hot vegetables just before serving.,0.18,0.18,0.18,0.18,Hypothesis only,0,0,95
Parsley,British,Folate,20,MTHFR,MTHFR,0.65,1.2,Methylation,activation,0.18,1,0,seasoning,0,0,0,0,,,Prepare 5 g parsley.,,Synthetic pathway-support hypothesis; not demonstrated direct gene activation. Quantitative evidence and nutrient metadata pending.,herb,,5,Wash and chop 5 g parsley; scatter over the finished dish.,Wash and chop 5 g parsley; scatter over the finished dish.,Wash and chop 5 g parsley; scatter over the finished dish.,Wash and chop 5 g parsley; scatter over the finished dish.,0.18,0.18,0.18,0.18,Hypothesis only,0,0,95
Rapeseed oil,Chinese|Thai|Japanese|Indian|British,ALA proxy,12,APOE,APOE,0.65,1.2,Lipid,activation,0.18,1,0,cooking_fat,95,0,95,95,,,Prepare 5 g rapeseed oil.,,Synthetic pathway-support hypothesis; not demonstrated direct gene activation. Quantitative evidence and nutrient metadata pending.,oil,,5,Measure 5 g rapeseed oil for cooking.,Measure 5 g rapeseed oil for cooking.,Measure 5 g rapeseed oil for cooking.,Measure 5 g rapeseed oil for cooking.,0.18,0.18,0.18,0.18,Hypothesis only,95,0,95
